pt_file	basename	assigned	cluster_index	cluster_label	cluster_extra	distance
output_ri/ERX067791_HCCNHA_05915.pt	ERX067791_HCCNHA_05915.pt	1	3169	HCCNHA_05915 Sensor histidine kinase YesM	69	0.00000128
output_ri/ERX094751_ELEGCC_06640.pt	ERX094751_ELEGCC_06640.pt	1	1916	FEOBHI_09345 Accessory gene regulator C	210	0.03732457
output_ri/ERX094780_AHEHON_07605.pt	ERX094780_AHEHON_07605.pt	1	1916	FEOBHI_09345 Accessory gene regulator C	210	0.04711927
output_ri/ERX100648_IAMLDE_06830.pt	ERX100648_IAMLDE_06830.pt	1	1916	FEOBHI_09345 Accessory gene regulator C	210	0.03732457
output_ri/ERX1027819_FDKEGL_10045.pt	ERX1027819_FDKEGL_10045.pt	1	3169	HCCNHA_05915 Sensor histidine kinase YesM	69	0.12374178
output_ri/ERX1033538_PIGFIO_06080.pt	ERX1033538_PIGFIO_06080.pt	1	1916	FEOBHI_09345 Accessory gene regulator C	210	0.07632779
output_ri/ERX1033539_MDBBCG_04475.pt	ERX1033539_MDBBCG_04475.pt	1	1916	FEOBHI_09345 Accessory gene regulator C	210	0.07632779
output_ri/ERX1033551_GLIPDI_10815.pt	ERX1033551_GLIPDI_10815.pt	1	1916	FEOBHI_09345 Accessory gene regulator C	210	0.16252950
output_ri/ERX1033553_IIMCMO_08480.pt	ERX1033553_IIMCMO_08480.pt	1	3920	GFNPHG_09685 Two-component system AgrA family sensor histidine kinase AgrC	87	0.02044514
output_ri/ERX1033560_OPENLO_11850.pt	ERX1033560_OPENLO_11850.pt	1	3169	HCCNHA_05915 Sensor histidine kinase YesM	69	0.03086407
output_ri/ERX1033561_EABLDB_11790.pt	ERX1033561_EABLDB_11790.pt	1	3920	GFNPHG_09685 Two-component system AgrA family sensor histidine kinase AgrC	87	0.03612007
output_ri/ERX1033570_BKBJOF_06170.pt	ERX1033570_BKBJOF_06170.pt	1	1916	FEOBHI_09345 Accessory gene regulator C	210	0.07632779
output_ri/ERX1033572_GFNPHG_09685.pt	ERX1033572_GFNPHG_09685.pt	1	3920	GFNPHG_09685 Two-component system AgrA family sensor histidine kinase AgrC	87	0.00000133
output_ri/ERX1033578_NHFGCN_07880.pt	ERX1033578_NHFGCN_07880.pt	1	3169	HCCNHA_05915 Sensor histidine kinase YesM	69	0.12226474
output_ri/ERX1033583_OJEMIL_07050.pt	ERX1033583_OJEMIL_07050.pt	1	1916	FEOBHI_09345 Accessory gene regulator C	210	0.12861890
output_ri/ERX104859_MBHFMA_10270.pt	ERX104859_MBHFMA_10270.pt	1	1916	FEOBHI_09345 Accessory gene regulator C	210	0.03732457
output_ri/ERX105445_DKPFHJ_07130.pt	ERX105445_DKPFHJ_07130.pt	1	1916	FEOBHI_09345 Accessory gene regulator C	210	0.03732457
output_ri/ERX105473_MANKBP_12455.pt	ERX105473_MANKBP_12455.pt	1	3169	HCCNHA_05915 Sensor histidine kinase YesM	69	0.00000128
output_ri/ERX110351_JJFEBN_08690.pt	ERX110351_JJFEBN_08690.pt	1	3920	GFNPHG_09685 Two-component system AgrA family sensor histidine kinase AgrC	87	0.06099610
output_ri/ERX110364_FLNBFN_11780.pt	ERX110364_FLNBFN_11780.pt	0	668	FEOBHI_10025 anti-sigma B factor RsbW	378	1.44455555
output_ri/ERX110366_DMOFHF_03235.pt	ERX110366_DMOFHF_03235.pt	1	3169	HCCNHA_05915 Sensor histidine kinase YesM	69	0.00000128
output_ri/ERX110372_LFCCLA_11490.pt	ERX110372_LFCCLA_11490.pt	1	1916	FEOBHI_09345 Accessory gene regulator C	210	0.05902687
output_ri/ERX110374_PGCPAB_08750.pt	ERX110374_PGCPAB_08750.pt	1	1916	FEOBHI_09345 Accessory gene regulator C	210	0.03732457
output_ri/ERX110382_DMOLDD_12130.pt	ERX110382_DMOLDD_12130.pt	1	3920	GFNPHG_09685 Two-component system AgrA family sensor histidine kinase AgrC	87	0.06364061
output_ri/ERX110385_JFLJNL_07965.pt	ERX110385_JFLJNL_07965.pt	1	1916	FEOBHI_09345 Accessory gene regulator C	210	0.03732457
output_ri/ERX110407_JICCIG_10855.pt	ERX110407_JICCIG_10855.pt	1	3920	GFNPHG_09685 Two-component system AgrA family sensor histidine kinase AgrC	87	0.06099610
output_ri/ERX110417_POLKMP_09205.pt	ERX110417_POLKMP_09205.pt	1	3169	HCCNHA_05915 Sensor histidine kinase YesM	69	0.00000128
output_ri/ERX110422_MOHKJM_08240.pt	ERX110422_MOHKJM_08240.pt	1	1916	FEOBHI_09345 Accessory gene regulator C	210	0.04711927
output_ri/ERX110424_GMNKPN_07160.pt	ERX110424_GMNKPN_07160.pt	0	3327	MDBBCG_11375 DUF3169 domain-containing protein	38	1.19551504
output_ri/ERX110424_GMNKPN_07165.pt	ERX110424_GMNKPN_07165.pt	0	668	FEOBHI_10025 anti-sigma B factor RsbW	378	1.45414427
output_ri/ERX110631_PBCDDP_10045.pt	ERX110631_PBCDDP_10045.pt	1	1916	FEOBHI_09345 Accessory gene regulator C	210	0.03241330
output_ri/ERX110650_ENOEHL_09595.pt	ERX110650_ENOEHL_09595.pt	1	1916	FEOBHI_09345 Accessory gene regulator C	210	0.00000141
output_ri/ERX110677_IEPMHA_12225.pt	ERX110677_IEPMHA_12225.pt	1	1916	FEOBHI_09345 Accessory gene regulator C	210	0.03241330
output_ri/ERX110757_HODOOL_11870.pt	ERX110757_HODOOL_11870.pt	1	1916	FEOBHI_09345 Accessory gene regulator C	210	0.08579275
output_ri/ERX110848_CEGBKI_08185.pt	ERX110848_CEGBKI_08185.pt	1	1916	FEOBHI_09345 Accessory gene regulator C	210	0.03241330
output_ri/ERX110870_DEGDPE_10750.pt	ERX110870_DEGDPE_10750.pt	1	1916	FEOBHI_09345 Accessory gene regulator C	210	0.03517586
output_ri/ERX110871_HDEGJF_11670.pt	ERX110871_HDEGJF_11670.pt	1	1916	FEOBHI_09345 Accessory gene regulator C	210	0.05117818
output_ri/ERX113350_CIFEJN_09555.pt	ERX113350_CIFEJN_09555.pt	1	1916	FEOBHI_09345 Accessory gene regulator C	210	0.00000141
output_ri/ERX113973_JOHJGC_08870.pt	ERX113973_JOHJGC_08870.pt	1	1916	FEOBHI_09345 Accessory gene regulator C	210	0.03241330
output_ri/ERX114014_LACOMN_11300.pt	ERX114014_LACOMN_11300.pt	1	1916	FEOBHI_09345 Accessory gene regulator C	210	0.00000141
output_ri/ERX116909_PLCGJP_06250.pt	ERX116909_PLCGJP_06250.pt	1	1916	FEOBHI_09345 Accessory gene regulator C	210	0.00000141
output_ri/ERX120678_LHDPEE_07720.pt	ERX120678_LHDPEE_07720.pt	1	3920	GFNPHG_09685 Two-component system AgrA family sensor histidine kinase AgrC	87	0.00000133
output_ri/ERX120683_JABGIB_06635.pt	ERX120683_JABGIB_06635.pt	1	1916	FEOBHI_09345 Accessory gene regulator C	210	0.15728571
output_ri/ERX120705_IPGIMP_11725.pt	ERX120705_IPGIMP_11725.pt	1	3169	HCCNHA_05915 Sensor histidine kinase YesM	69	0.11637273
output_ri/ERX120720_JOMNOE_05405.pt	ERX120720_JOMNOE_05405.pt	1	3920	GFNPHG_09685 Two-component system AgrA family sensor histidine kinase AgrC	87	0.00000133
output_ri/ERX120724_DNNJIC_08660.pt	ERX120724_DNNJIC_08660.pt	1	3920	GFNPHG_09685 Two-component system AgrA family sensor histidine kinase AgrC	87	0.00000133
output_ri/ERX1268913_AGNMHB_09520.pt	ERX1268913_AGNMHB_09520.pt	1	1916	FEOBHI_09345 Accessory gene regulator C	210	0.03732457
output_ri/ERX1269028_OANBGH_07950.pt	ERX1269028_OANBGH_07950.pt	1	1916	FEOBHI_09345 Accessory gene regulator C	210	0.07632779
output_ri/ERX1269074_MJMLJH_06185.pt	ERX1269074_MJMLJH_06185.pt	1	3169	HCCNHA_05915 Sensor histidine kinase YesM	69	0.00000128
output_ri/ERX1269101_HIOHDE_09990.pt	ERX1269101_HIOHDE_09990.pt	1	1916	FEOBHI_09345 Accessory gene regulator C	210	0.03732457
output_ri/ERX1269132_HFNGPK_08845.pt	ERX1269132_HFNGPK_08845.pt	1	3169	HCCNHA_05915 Sensor histidine kinase YesM	69	0.04478511
output_ri/ERX1269140_ELBCOF_08680.pt	ERX1269140_ELBCOF_08680.pt	1	1916	FEOBHI_09345 Accessory gene regulator C	210	0.03732457
output_ri/ERX1269214_GGNKBN_12375.pt	ERX1269214_GGNKBN_12375.pt	1	3169	HCCNHA_05915 Sensor histidine kinase YesM	69	0.00000128
output_ri/ERX1269223_IOPEJI_09430.pt	ERX1269223_IOPEJI_09430.pt	1	3169	HCCNHA_05915 Sensor histidine kinase YesM	69	0.00000128
output_ri/ERX1269230_KDGGGK_05020.pt	ERX1269230_KDGGGK_05020.pt	1	1916	FEOBHI_09345 Accessory gene regulator C	210	0.03241330
output_ri/ERX1269245_HJKGLO_08940.pt	ERX1269245_HJKGLO_08940.pt	1	1916	FEOBHI_09345 Accessory gene regulator C	210	0.08579275
output_ri/ERX1269274_BGAFPP_08175.pt	ERX1269274_BGAFPP_08175.pt	0	1916	FEOBHI_09345 Accessory gene regulator C	210	1.06897037
output_ri/ERX1269274_BGAFPP_09085.pt	ERX1269274_BGAFPP_09085.pt	0	897	FEOBHI_00575 DUF5080 domain-containing protein	196	1.06593951
output_ri/ERX1269476_GFKDNP_07310.pt	ERX1269476_GFKDNP_07310.pt	1	1916	FEOBHI_09345 Accessory gene regulator C	210	0.07632779
output_ri/ERX1269490_DKBPPN_07065.pt	ERX1269490_DKBPPN_07065.pt	1	1916	FEOBHI_09345 Accessory gene regulator C	210	0.07632779
output_ri/ERX1269772_DLHIHA_08060.pt	ERX1269772_DLHIHA_08060.pt	1	1916	FEOBHI_09345 Accessory gene regulator C	210	0.05094933
output_ri/ERX1285972_DMKFHI_09375.pt	ERX1285972_DMKFHI_09375.pt	1	1916	FEOBHI_09345 Accessory gene regulator C	210	0.18567424
output_ri/ERX1285974_HNBMNO_10640.pt	ERX1285974_HNBMNO_10640.pt	1	1916	FEOBHI_09345 Accessory gene regulator C	210	0.06873542
output_ri/ERX1285993_FCNLJP_09400.pt	ERX1285993_FCNLJP_09400.pt	1	3169	HCCNHA_05915 Sensor histidine kinase YesM	69	0.00000128
output_ri/ERX1285998_JAMKPL_06960.pt	ERX1285998_JAMKPL_06960.pt	1	3920	GFNPHG_09685 Two-component system AgrA family sensor histidine kinase AgrC	87	0.03612007
output_ri/ERX132283_HBGFAE_10310.pt	ERX132283_HBGFAE_10310.pt	1	1916	FEOBHI_09345 Accessory gene regulator C	210	0.03241330
output_ri/ERX132327_MMDHBD_11655.pt	ERX132327_MMDHBD_11655.pt	1	1916	FEOBHI_09345 Accessory gene regulator C	210	0.15728571
output_ri/ERX132355_FEFCKC_08690.pt	ERX132355_FEFCKC_08690.pt	1	3920	GFNPHG_09685 Two-component system AgrA family sensor histidine kinase AgrC	87	0.00000133
output_ri/ERX132371_LHLGEE_07525.pt	ERX132371_LHLGEE_07525.pt	1	3920	GFNPHG_09685 Two-component system AgrA family sensor histidine kinase AgrC	87	0.00000133
output_ri/ERX139238_JIOBMH_05860.pt	ERX139238_JIOBMH_05860.pt	1	3920	GFNPHG_09685 Two-component system AgrA family sensor histidine kinase AgrC	87	0.00000133
output_ri/ERX139247_LBPIFO_11920.pt	ERX139247_LBPIFO_11920.pt	0	668	FEOBHI_10025 anti-sigma B factor RsbW	378	2.03984355
output_ri/ERX139249_IIFOHG_10990.pt	ERX139249_IIFOHG_10990.pt	1	3920	GFNPHG_09685 Two-component system AgrA family sensor histidine kinase AgrC	87	0.00000133
output_ri/ERX139259_BDPEMD_08710.pt	ERX139259_BDPEMD_08710.pt	1	3920	GFNPHG_09685 Two-component system AgrA family sensor histidine kinase AgrC	87	0.17372683
output_ri/ERX139260_FDGJKG_06780.pt	ERX139260_FDGJKG_06780.pt	1	3920	GFNPHG_09685 Two-component system AgrA family sensor histidine kinase AgrC	87	0.00000133
output_ri/ERX139284_NINBAJ_11250.pt	ERX139284_NINBAJ_11250.pt	1	3169	HCCNHA_05915 Sensor histidine kinase YesM	69	0.11637273
output_ri/ERX139294_OLGFHL_08480.pt	ERX139294_OLGFHL_08480.pt	1	1916	FEOBHI_09345 Accessory gene regulator C	210	0.16252950
output_ri/ERX139300_MCMABJ_09935.pt	ERX139300_MCMABJ_09935.pt	1	3169	HCCNHA_05915 Sensor histidine kinase YesM	69	0.13144379
output_ri/ERX139321_HMEIDH_11630.pt	ERX139321_HMEIDH_11630.pt	1	3169	HCCNHA_05915 Sensor histidine kinase YesM	69	0.11152432
output_ri/ERX139326_PODMID_09895.pt	ERX139326_PODMID_09895.pt	1	3169	HCCNHA_05915 Sensor histidine kinase YesM	69	0.11069417
output_ri/ERX139357_KMCIHA_06765.pt	ERX139357_KMCIHA_06765.pt	1	1916	FEOBHI_09345 Accessory gene regulator C	210	0.00000141
output_ri/ERX139358_AGDDHH_08175.pt	ERX139358_AGDDHH_08175.pt	1	1916	FEOBHI_09345 Accessory gene regulator C	210	0.00000141
output_ri/ERX139448_OKKFCL_07760.pt	ERX139448_OKKFCL_07760.pt	1	1916	FEOBHI_09345 Accessory gene regulator C	210	0.00000141
output_ri/ERX139517_JKFFHC_08370.pt	ERX139517_JKFFHC_08370.pt	1	1916	FEOBHI_09345 Accessory gene regulator C	210	0.00000141
output_ri/ERX139609_IAMBFF_09150.pt	ERX139609_IAMBFF_09150.pt	1	1916	FEOBHI_09345 Accessory gene regulator C	210	0.00000141
output_ri/ERX147798_AHNEJH_12380.pt	ERX147798_AHNEJH_12380.pt	1	1916	FEOBHI_09345 Accessory gene regulator C	210	0.03241330
output_ri/ERX147854_BPAFDE_08310.pt	ERX147854_BPAFDE_08310.pt	1	1916	FEOBHI_09345 Accessory gene regulator C	210	0.04711927
output_ri/ERX1492886_OCMPHG_10710.pt	ERX1492886_OCMPHG_10710.pt	1	3920	GFNPHG_09685 Two-component system AgrA family sensor histidine kinase AgrC	87	0.00000133
output_ri/ERX1492888_EBMJHK_09975.pt	ERX1492888_EBMJHK_09975.pt	0	897	FEOBHI_00575 DUF5080 domain-containing protein	196	1.08349403
output_ri/ERX1492888_EBMJHK_09980.pt	ERX1492888_EBMJHK_09980.pt	0	2539	FEOBHI_06835 histidine kinase GraS/ApsS	380	1.21214950
output_ri/ERX1492889_BDLHBJ_12100.pt	ERX1492889_BDLHBJ_12100.pt	1	1916	FEOBHI_09345 Accessory gene regulator C	210	0.10502803
output_ri/ERX1492898_ILDCAO_09265.pt	ERX1492898_ILDCAO_09265.pt	1	3169	HCCNHA_05915 Sensor histidine kinase YesM	69	0.00000128
output_ri/ERX1492910_COGEFP_10255.pt	ERX1492910_COGEFP_10255.pt	1	3920	GFNPHG_09685 Two-component system AgrA family sensor histidine kinase AgrC	87	0.00000133
output_ri/ERX151999_JDNDDF_06925.pt	ERX151999_JDNDDF_06925.pt	1	3920	GFNPHG_09685 Two-component system AgrA family sensor histidine kinase AgrC	87	0.06099610
output_ri/ERX152010_CCGJGG_08940.pt	ERX152010_CCGJGG_08940.pt	1	3920	GFNPHG_09685 Two-component system AgrA family sensor histidine kinase AgrC	87	0.00000133
output_ri/ERX152013_PIPDJJ_12270.pt	ERX152013_PIPDJJ_12270.pt	1	1916	FEOBHI_09345 Accessory gene regulator C	210	0.12861890
output_ri/ERX152017_BNOEEK_11960.pt	ERX152017_BNOEEK_11960.pt	1	3920	GFNPHG_09685 Two-component system AgrA family sensor histidine kinase AgrC	87	0.07066993
output_ri/ERX152020_KBEJPD_05590.pt	ERX152020_KBEJPD_05590.pt	1	3169	HCCNHA_05915 Sensor histidine kinase YesM	69	0.14566887
output_ri/ERX152032_KFFOJI_12395.pt	ERX152032_KFFOJI_12395.pt	1	1916	FEOBHI_09345 Accessory gene regulator C	210	0.07859115
output_ri/ERX152041_BOGJFN_11490.pt	ERX152041_BOGJFN_11490.pt	1	1916	FEOBHI_09345 Accessory gene regulator C	210	0.07859115
output_ri/ERX152056_GGOKJO_09375.pt	ERX152056_GGOKJO_09375.pt	1	1916	FEOBHI_09345 Accessory gene regulator C	210	0.07859115
output_ri/ERX152079_EFLOIL_11390.pt	ERX152079_EFLOIL_11390.pt	1	1916	FEOBHI_09345 Accessory gene regulator C	210	0.07859115
output_ri/ERX152080_JBBOLG_11555.pt	ERX152080_JBBOLG_11555.pt	1	1916	FEOBHI_09345 Accessory gene regulator C	210	0.07859115
output_ri/ERX186293_BKGECE_12375.pt	ERX186293_BKGECE_12375.pt	1	3920	GFNPHG_09685 Two-component system AgrA family sensor histidine kinase AgrC	87	0.00000133
output_ri/ERX186305_CBGAPK_07750.pt	ERX186305_CBGAPK_07750.pt	1	3920	GFNPHG_09685 Two-component system AgrA family sensor histidine kinase AgrC	87	0.00000133
output_ri/ERX186326_HFCIMO_07465.pt	ERX186326_HFCIMO_07465.pt	1	3920	GFNPHG_09685 Two-component system AgrA family sensor histidine kinase AgrC	87	0.00000133
output_ri/ERX186340_DAHKAA_09200.pt	ERX186340_DAHKAA_09200.pt	1	3920	GFNPHG_09685 Two-component system AgrA family sensor histidine kinase AgrC	87	0.00000133
output_ri/ERX186342_FMOMNE_08415.pt	ERX186342_FMOMNE_08415.pt	1	3920	GFNPHG_09685 Two-component system AgrA family sensor histidine kinase AgrC	87	0.04530376
output_ri/ERX186358_EMBNMM_05170.pt	ERX186358_EMBNMM_05170.pt	1	1916	FEOBHI_09345 Accessory gene regulator C	210	0.14309108
output_ri/ERX186568_JGNLGI_08135.pt	ERX186568_JGNLGI_08135.pt	0	1916	FEOBHI_09345 Accessory gene regulator C	210	0.76594419
output_ri/ERX186596_BCDCCM_06760.pt	ERX186596_BCDCCM_06760.pt	1	1916	FEOBHI_09345 Accessory gene regulator C	210	0.03732457
output_ri/ERX186615_PPBCFI_11310.pt	ERX186615_PPBCFI_11310.pt	1	3920	GFNPHG_09685 Two-component system AgrA family sensor histidine kinase AgrC	87	0.06099610
output_ri/ERX186628_FFAPGI_06540.pt	ERX186628_FFAPGI_06540.pt	1	3920	GFNPHG_09685 Two-component system AgrA family sensor histidine kinase AgrC	87	0.00000133
output_ri/ERX186635_AMMOFC_07075.pt	ERX186635_AMMOFC_07075.pt	1	3169	HCCNHA_05915 Sensor histidine kinase YesM	69	0.00000128
output_ri/ERX197772_HEEKMB_11905.pt	ERX197772_HEEKMB_11905.pt	1	3920	GFNPHG_09685 Two-component system AgrA family sensor histidine kinase AgrC	87	0.06364061
output_ri/ERX197824_EGEJGA_10625.pt	ERX197824_EGEJGA_10625.pt	1	3920	GFNPHG_09685 Two-component system AgrA family sensor histidine kinase AgrC	87	0.00000133
output_ri/ERX197833_DCDABH_10990.pt	ERX197833_DCDABH_10990.pt	1	3169	HCCNHA_05915 Sensor histidine kinase YesM	69	0.00000128
output_ri/ERX197834_MIPAFF_11450.pt	ERX197834_MIPAFF_11450.pt	1	3920	GFNPHG_09685 Two-component system AgrA family sensor histidine kinase AgrC	87	0.06099610
output_ri/ERX204858_FPODCF_10785.pt	ERX204858_FPODCF_10785.pt	1	1916	FEOBHI_09345 Accessory gene regulator C	210	0.00000141
output_ri/ERX204870_GOOHBN_10630.pt	ERX204870_GOOHBN_10630.pt	1	1916	FEOBHI_09345 Accessory gene regulator C	210	0.00000141
output_ri/ERX204897_FEOBHI_09345.pt	ERX204897_FEOBHI_09345.pt	1	1916	FEOBHI_09345 Accessory gene regulator C	210	0.00000141
output_ri/ERX209308_ECFBDC_08465.pt	ERX209308_ECFBDC_08465.pt	1	3920	GFNPHG_09685 Two-component system AgrA family sensor histidine kinase AgrC	87	0.00000133
output_ri/ERX209321_APAJCF_04775.pt	ERX209321_APAJCF_04775.pt	1	3169	HCCNHA_05915 Sensor histidine kinase YesM	69	0.00000128
output_ri/ERX209354_OPMEAC_12585.pt	ERX209354_OPMEAC_12585.pt	1	3920	GFNPHG_09685 Two-component system AgrA family sensor histidine kinase AgrC	87	0.03612007
output_ri/ERX209359_MMKKPK_12430.pt	ERX209359_MMKKPK_12430.pt	1	1916	FEOBHI_09345 Accessory gene regulator C	210	0.05902687
output_ri/ERX209366_GCAJBD_09225.pt	ERX209366_GCAJBD_09225.pt	1	1916	FEOBHI_09345 Accessory gene regulator C	210	0.04711927
output_ri/ERX209383_IGJHLF_08320.pt	ERX209383_IGJHLF_08320.pt	1	1916	FEOBHI_09345 Accessory gene regulator C	210	0.00000141
output_ri/ERX209409_OKOCMO_09865.pt	ERX209409_OKOCMO_09865.pt	1	1916	FEOBHI_09345 Accessory gene regulator C	210	0.00000141
output_ri/ERX209423_BOECMD_06290.pt	ERX209423_BOECMD_06290.pt	1	1916	FEOBHI_09345 Accessory gene regulator C	210	0.00000141
output_ri/ERX209541_HDEJGJ_09185.pt	ERX209541_HDEJGJ_09185.pt	1	1916	FEOBHI_09345 Accessory gene regulator C	210	0.00000141
output_ri/ERX212094_LMGJJN_10775.pt	ERX212094_LMGJJN_10775.pt	1	1916	FEOBHI_09345 Accessory gene regulator C	210	0.07632779
output_ri/ERX212124_BBODBE_06220.pt	ERX212124_BBODBE_06220.pt	1	1916	FEOBHI_09345 Accessory gene regulator C	210	0.07677819
output_ri/ERX212136_BEGPCG_07455.pt	ERX212136_BEGPCG_07455.pt	1	3920	GFNPHG_09685 Two-component system AgrA family sensor histidine kinase AgrC	87	0.00000133
output_ri/ERX212156_JLANAO_10090.pt	ERX212156_JLANAO_10090.pt	1	3169	HCCNHA_05915 Sensor histidine kinase YesM	69	0.11637273
output_ri/ERX212158_ABDBLI_11640.pt	ERX212158_ABDBLI_11640.pt	1	3169	HCCNHA_05915 Sensor histidine kinase YesM	69	0.11637273
output_ri/ERX212161_DAEDJM_08280.pt	ERX212161_DAEDJM_08280.pt	1	1916	FEOBHI_09345 Accessory gene regulator C	210	0.03732457
output_ri/ERX212185_FADOOK_09560.pt	ERX212185_FADOOK_09560.pt	1	1916	FEOBHI_09345 Accessory gene regulator C	210	0.06983903
output_ri/ERX212212_FACIPP_09335.pt	ERX212212_FACIPP_09335.pt	1	1916	FEOBHI_09345 Accessory gene regulator C	210	0.00000141
output_ri/ERX212248_FHJPEO_10150.pt	ERX212248_FHJPEO_10150.pt	1	1916	FEOBHI_09345 Accessory gene regulator C	210	0.00000141
output_ri/ERX221133_NGLOAD_12525.pt	ERX221133_NGLOAD_12525.pt	1	1916	FEOBHI_09345 Accessory gene regulator C	210	0.07859115
output_ri/ERX221148_GFBPFH_08835.pt	ERX221148_GFBPFH_08835.pt	1	1916	FEOBHI_09345 Accessory gene regulator C	210	0.07632779
output_ri/ERX221156_PLKPCH_06335.pt	ERX221156_PLKPCH_06335.pt	1	1916	FEOBHI_09345 Accessory gene regulator C	210	0.05902687
output_ri/ERX221160_FKLKKC_10735.pt	ERX221160_FKLKKC_10735.pt	1	1916	FEOBHI_09345 Accessory gene regulator C	210	0.07859115
output_ri/ERX221167_KCLKLP_10875.pt	ERX221167_KCLKLP_10875.pt	1	1916	FEOBHI_09345 Accessory gene regulator C	210	0.12861890
output_ri/ERX221179_MOJAOC_11955.pt	ERX221179_MOJAOC_11955.pt	1	3169	HCCNHA_05915 Sensor histidine kinase YesM	69	0.12799734
output_ri/ERX221188_IOBPJE_12100.pt	ERX221188_IOBPJE_12100.pt	1	1916	FEOBHI_09345 Accessory gene regulator C	210	0.07859115
output_ri/ERX221189_MNPJNI_04475.pt	ERX221189_MNPJNI_04475.pt	1	1916	FEOBHI_09345 Accessory gene regulator C	210	0.12861890
output_ri/ERX221191_FABILA_06060.pt	ERX221191_FABILA_06060.pt	1	3169	HCCNHA_05915 Sensor histidine kinase YesM	69	0.12799734
output_ri/ERX221193_HEJEFA_11845.pt	ERX221193_HEJEFA_11845.pt	1	1916	FEOBHI_09345 Accessory gene regulator C	210	0.05902687
output_ri/ERX221198_FJPKBP_12285.pt	ERX221198_FJPKBP_12285.pt	1	1916	FEOBHI_09345 Accessory gene regulator C	210	0.07859115
output_ri/ERX221199_DGIMHL_07910.pt	ERX221199_DGIMHL_07910.pt	1	3169	HCCNHA_05915 Sensor histidine kinase YesM	69	0.12799734
output_ri/ERX221200_PKBJDI_10480.pt	ERX221200_PKBJDI_10480.pt	1	1916	FEOBHI_09345 Accessory gene regulator C	210	0.07859115
output_ri/ERX267641_FLEJIG_08950.pt	ERX267641_FLEJIG_08950.pt	1	1916	FEOBHI_09345 Accessory gene regulator C	210	0.03241330
output_ri/ERX267643_FDHFEJ_09820.pt	ERX267643_FDHFEJ_09820.pt	1	3920	GFNPHG_09685 Two-component system AgrA family sensor histidine kinase AgrC	87	0.00000133
output_ri/ERX267645_EGHHBD_06285.pt	ERX267645_EGHHBD_06285.pt	1	3920	GFNPHG_09685 Two-component system AgrA family sensor histidine kinase AgrC	87	0.02044514
output_ri/ERX267646_PEGLIM_11980.pt	ERX267646_PEGLIM_11980.pt	1	1916	FEOBHI_09345 Accessory gene regulator C	210	0.15728571
output_ri/ERX267656_CKPJDJ_10880.pt	ERX267656_CKPJDJ_10880.pt	1	1916	FEOBHI_09345 Accessory gene regulator C	210	0.16252950
output_ri/ERX267665_BFMGIC_09390.pt	ERX267665_BFMGIC_09390.pt	1	3920	GFNPHG_09685 Two-component system AgrA family sensor histidine kinase AgrC	87	0.03828345
output_ri/ERX267668_GKELFJ_09515.pt	ERX267668_GKELFJ_09515.pt	1	3920	GFNPHG_09685 Two-component system AgrA family sensor histidine kinase AgrC	87	0.00000133
output_ri/ERX267672_JKMBAI_11970.pt	ERX267672_JKMBAI_11970.pt	1	1916	FEOBHI_09345 Accessory gene regulator C	210	0.19167585
output_ri/ERX267688_HNIGIF_08775.pt	ERX267688_HNIGIF_08775.pt	1	3920	GFNPHG_09685 Two-component system AgrA family sensor histidine kinase AgrC	87	0.00000133
output_ri/ERX267690_LENDFK_12085.pt	ERX267690_LENDFK_12085.pt	1	1916	FEOBHI_09345 Accessory gene regulator C	210	0.03241330
output_ri/ERX267696_FJLEGI_11640.pt	ERX267696_FJLEGI_11640.pt	1	3920	GFNPHG_09685 Two-component system AgrA family sensor histidine kinase AgrC	87	0.05518291
output_ri/ERX275992_CNHJDJ_09030.pt	ERX275992_CNHJDJ_09030.pt	1	3920	GFNPHG_09685 Two-component system AgrA family sensor histidine kinase AgrC	87	0.00000133
output_ri/ERX276008_CAFCEK_09175.pt	ERX276008_CAFCEK_09175.pt	1	1916	FEOBHI_09345 Accessory gene regulator C	210	0.06571579
output_ri/ERX276022_DLFECD_07450.pt	ERX276022_DLFECD_07450.pt	1	3920	GFNPHG_09685 Two-component system AgrA family sensor histidine kinase AgrC	87	0.00000133
output_ri/ERX276099_AFOHBF_09855.pt	ERX276099_AFOHBF_09855.pt	1	1916	FEOBHI_09345 Accessory gene regulator C	210	0.00000141
output_ri/ERX276156_AGIIHB_10595.pt	ERX276156_AGIIHB_10595.pt	1	1916	FEOBHI_09345 Accessory gene regulator C	210	0.00000141
output_ri/ERX284121_INOIPH_06060.pt	ERX284121_INOIPH_06060.pt	1	1916	FEOBHI_09345 Accessory gene regulator C	210	0.07632779
output_ri/ERX284138_KADBIG_05525.pt	ERX284138_KADBIG_05525.pt	1	1916	FEOBHI_09345 Accessory gene regulator C	210	0.07632779
output_ri/ERX284165_MOBJNJ_07990.pt	ERX284165_MOBJNJ_07990.pt	1	1916	FEOBHI_09345 Accessory gene regulator C	210	0.12861890
output_ri/ERX311502_FHHFOI_09740.pt	ERX311502_FHHFOI_09740.pt	1	1916	FEOBHI_09345 Accessory gene regulator C	210	0.00000141
output_ri/ERX328680_MNMCPC_10700.pt	ERX328680_MNMCPC_10700.pt	1	1916	FEOBHI_09345 Accessory gene regulator C	210	0.03241330
output_ri/ERX359306_BELMGL_11735.pt	ERX359306_BELMGL_11735.pt	1	3920	GFNPHG_09685 Two-component system AgrA family sensor histidine kinase AgrC	87	0.00000133
output_ri/ERX359308_CEOMDE_10610.pt	ERX359308_CEOMDE_10610.pt	1	3920	GFNPHG_09685 Two-component system AgrA family sensor histidine kinase AgrC	87	0.00000133
output_ri/ERX359315_AEGNMK_06380.pt	ERX359315_AEGNMK_06380.pt	1	3169	HCCNHA_05915 Sensor histidine kinase YesM	69	0.04478511
output_ri/ERX359322_JFPMDD_06910.pt	ERX359322_JFPMDD_06910.pt	1	3920	GFNPHG_09685 Two-component system AgrA family sensor histidine kinase AgrC	87	0.02707040
output_ri/ERX359340_OBJHAB_11835.pt	ERX359340_OBJHAB_11835.pt	1	1916	FEOBHI_09345 Accessory gene regulator C	210	0.15728571
output_ri/ERX359396_FFMLCE_03110.pt	ERX359396_FFMLCE_03110.pt	1	1916	FEOBHI_09345 Accessory gene regulator C	210	0.07632779
output_ri/ERX359400_EAGOGF_10185.pt	ERX359400_EAGOGF_10185.pt	1	1916	FEOBHI_09345 Accessory gene regulator C	210	0.12861890
output_ri/ERX359416_DPGLEO_11720.pt	ERX359416_DPGLEO_11720.pt	1	3920	GFNPHG_09685 Two-component system AgrA family sensor histidine kinase AgrC	87	0.00000133
output_ri/ERX359417_CBIIHI_08200.pt	ERX359417_CBIIHI_08200.pt	1	3920	GFNPHG_09685 Two-component system AgrA family sensor histidine kinase AgrC	87	0.00000133
output_ri/ERX359425_BNFJBC_06510.pt	ERX359425_BNFJBC_06510.pt	1	3169	HCCNHA_05915 Sensor histidine kinase YesM	69	0.15246456
output_ri/ERX359449_BJBNON_08330.pt	ERX359449_BJBNON_08330.pt	1	3920	GFNPHG_09685 Two-component system AgrA family sensor histidine kinase AgrC	87	0.05344530
output_ri/ERX359456_MNNFHG_12125.pt	ERX359456_MNNFHG_12125.pt	1	3169	HCCNHA_05915 Sensor histidine kinase YesM	69	0.12799734
output_ri/ERX359459_ELKENK_09025.pt	ERX359459_ELKENK_09025.pt	1	1916	FEOBHI_09345 Accessory gene regulator C	210	0.07859115
output_ri/ERX360772_DGHKBE_10565.pt	ERX360772_DGHKBE_10565.pt	1	3169	HCCNHA_05915 Sensor histidine kinase YesM	69	0.00000128
output_ri/ERX360785_DKBDGH_04765.pt	ERX360785_DKBDGH_04765.pt	1	1916	FEOBHI_09345 Accessory gene regulator C	210	0.16252950
output_ri/ERX376396_IGKFAK_08890.pt	ERX376396_IGKFAK_08890.pt	1	1916	FEOBHI_09345 Accessory gene regulator C	210	0.07632779
output_ri/ERX376407_ALDHMG_08745.pt	ERX376407_ALDHMG_08745.pt	1	3169	HCCNHA_05915 Sensor histidine kinase YesM	69	0.00000128
output_ri/ERX376412_PGEKKG_05145.pt	ERX376412_PGEKKG_05145.pt	1	1916	FEOBHI_09345 Accessory gene regulator C	210	0.03241330
output_ri/ERX376432_DONGOG_11385.pt	ERX376432_DONGOG_11385.pt	1	1916	FEOBHI_09345 Accessory gene regulator C	210	0.06396322
output_ri/ERX376440_KDGNDG_11480.pt	ERX376440_KDGNDG_11480.pt	1	1916	FEOBHI_09345 Accessory gene regulator C	210	0.07925340
output_ri/ERX376448_CGKGHE_07015.pt	ERX376448_CGKGHE_07015.pt	1	3169	HCCNHA_05915 Sensor histidine kinase YesM	69	0.00000128
output_ri/ERX376477_HPDBMG_09240.pt	ERX376477_HPDBMG_09240.pt	1	1916	FEOBHI_09345 Accessory gene regulator C	210	0.05902687
output_ri/ERX376484_EGKJBG_10555.pt	ERX376484_EGKJBG_10555.pt	1	3920	GFNPHG_09685 Two-component system AgrA family sensor histidine kinase AgrC	87	0.08144630
output_ri/ERX376490_AHAFDE_11380.pt	ERX376490_AHAFDE_11380.pt	1	3169	HCCNHA_05915 Sensor histidine kinase YesM	69	0.06286976
output_ri/ERX384688_HKCEHB_12380.pt	ERX384688_HKCEHB_12380.pt	1	3920	GFNPHG_09685 Two-component system AgrA family sensor histidine kinase AgrC	87	0.03612007
output_ri/ERX384694_JGIGFI_11175.pt	ERX384694_JGIGFI_11175.pt	1	3920	GFNPHG_09685 Two-component system AgrA family sensor histidine kinase AgrC	87	0.06099610
output_ri/ERX384792_ECAKGP_09005.pt	ERX384792_ECAKGP_09005.pt	1	3169	HCCNHA_05915 Sensor histidine kinase YesM	69	0.00000128
output_ri/ERX385118_JMGEJH_07905.pt	ERX385118_JMGEJH_07905.pt	1	1916	FEOBHI_09345 Accessory gene regulator C	210	0.07632779
output_ri/ERX385123_FMOMEE_09865.pt	ERX385123_FMOMEE_09865.pt	1	1916	FEOBHI_09345 Accessory gene regulator C	210	0.06802128
output_ri/ERX385128_GLGLKF_11490.pt	ERX385128_GLGLKF_11490.pt	1	1916	FEOBHI_09345 Accessory gene regulator C	210	0.03241330
output_ri/ERX385133_BBMLCJ_11540.pt	ERX385133_BBMLCJ_11540.pt	1	1916	FEOBHI_09345 Accessory gene regulator C	210	0.05902687
output_ri/ERX385138_DALDEJ_05950.pt	ERX385138_DALDEJ_05950.pt	1	1916	FEOBHI_09345 Accessory gene regulator C	210	0.03732457
output_ri/ERX385143_IOEFDG_04720.pt	ERX385143_IOEFDG_04720.pt	1	1916	FEOBHI_09345 Accessory gene regulator C	210	0.16252950
output_ri/ERX385144_GHJDMP_06960.pt	ERX385144_GHJDMP_06960.pt	1	1916	FEOBHI_09345 Accessory gene regulator C	210	0.03732457
output_ri/ERX385155_AIODIL_10730.pt	ERX385155_AIODIL_10730.pt	1	1916	FEOBHI_09345 Accessory gene regulator C	210	0.05902687
output_ri/ERX385162_INOEIC_09460.pt	ERX385162_INOEIC_09460.pt	1	1916	FEOBHI_09345 Accessory gene regulator C	210	0.03732457
output_ri/ERX385171_JGKNCC_08800.pt	ERX385171_JGKNCC_08800.pt	1	3920	GFNPHG_09685 Two-component system AgrA family sensor histidine kinase AgrC	87	0.07240096
output_ri/ERX385188_CACOJL_08310.pt	ERX385188_CACOJL_08310.pt	1	1916	FEOBHI_09345 Accessory gene regulator C	210	0.04161226
output_ri/ERX385214_FKHKIA_11920.pt	ERX385214_FKHKIA_11920.pt	1	1916	FEOBHI_09345 Accessory gene regulator C	210	0.05902687
output_ri/ERX385218_IPBNJB_12195.pt	ERX385218_IPBNJB_12195.pt	1	3169	HCCNHA_05915 Sensor histidine kinase YesM	69	0.00000128
output_ri/ERX385233_FNGKEF_12635.pt	ERX385233_FNGKEF_12635.pt	1	1916	FEOBHI_09345 Accessory gene regulator C	210	0.05902687
output_ri/ERX385253_MOFHCL_07565.pt	ERX385253_MOFHCL_07565.pt	1	3169	HCCNHA_05915 Sensor histidine kinase YesM	69	0.04024226
output_ri/ERX385260_PCLKBG_08145.pt	ERX385260_PCLKBG_08145.pt	1	1916	FEOBHI_09345 Accessory gene regulator C	210	0.05902687
output_ri/ERX385293_DBBCJA_07625.pt	ERX385293_DBBCJA_07625.pt	1	1916	FEOBHI_09345 Accessory gene regulator C	210	0.03241330
output_ri/ERX385303_OODBLM_09855.pt	ERX385303_OODBLM_09855.pt	1	3920	GFNPHG_09685 Two-component system AgrA family sensor histidine kinase AgrC	87	0.06099610
output_ri/ERX385312_KACNPO_07725.pt	ERX385312_KACNPO_07725.pt	1	1916	FEOBHI_09345 Accessory gene regulator C	210	0.12861890
output_ri/ERX385327_KABIOG_06685.pt	ERX385327_KABIOG_06685.pt	1	1916	FEOBHI_09345 Accessory gene regulator C	210	0.16252950
output_ri/ERX385344_NFMFKK_09200.pt	ERX385344_NFMFKK_09200.pt	1	1916	FEOBHI_09345 Accessory gene regulator C	210	0.12861890
output_ri/ERX385348_ENNGFL_11505.pt	ERX385348_ENNGFL_11505.pt	1	1916	FEOBHI_09345 Accessory gene regulator C	210	0.03241330
output_ri/ERX385356_JNKJIP_12100.pt	ERX385356_JNKJIP_12100.pt	1	1916	FEOBHI_09345 Accessory gene regulator C	210	0.03732457
output_ri/ERX385359_HIMFOE_11160.pt	ERX385359_HIMFOE_11160.pt	1	3920	GFNPHG_09685 Two-component system AgrA family sensor histidine kinase AgrC	87	0.06099610
output_ri/ERX385388_FJCHEG_10390.pt	ERX385388_FJCHEG_10390.pt	1	3169	HCCNHA_05915 Sensor histidine kinase YesM	69	0.00000128
output_ri/ERX385391_JDAACN_07555.pt	ERX385391_JDAACN_07555.pt	1	3920	GFNPHG_09685 Two-component system AgrA family sensor histidine kinase AgrC	87	0.04599421
output_ri/ERX385397_IAPGFA_06110.pt	ERX385397_IAPGFA_06110.pt	1	1916	FEOBHI_09345 Accessory gene regulator C	210	0.07632779
output_ri/ERX385405_NEMLIC_08770.pt	ERX385405_NEMLIC_08770.pt	1	1916	FEOBHI_09345 Accessory gene regulator C	210	0.12861890
output_ri/ERX385407_FKPEIB_10960.pt	ERX385407_FKPEIB_10960.pt	1	1916	FEOBHI_09345 Accessory gene regulator C	210	0.05902687
output_ri/ERX385418_CKLGBA_09285.pt	ERX385418_CKLGBA_09285.pt	1	1916	FEOBHI_09345 Accessory gene regulator C	210	0.05902687
output_ri/ERX385423_ICLEKK_11475.pt	ERX385423_ICLEKK_11475.pt	1	1916	FEOBHI_09345 Accessory gene regulator C	210	0.03241330
output_ri/ERX385430_OJPGNF_11630.pt	ERX385430_OJPGNF_11630.pt	0	3920	GFNPHG_09685 Two-component system AgrA family sensor histidine kinase AgrC	87	0.43411927
output_ri/ERX385448_BJEEME_11450.pt	ERX385448_BJEEME_11450.pt	1	1916	FEOBHI_09345 Accessory gene regulator C	210	0.05902687
output_ri/ERX385461_ONJHHI_09670.pt	ERX385461_ONJHHI_09670.pt	1	3169	HCCNHA_05915 Sensor histidine kinase YesM	69	0.03472568
output_ri/ERX385470_EBODLI_10470.pt	ERX385470_EBODLI_10470.pt	1	3169	HCCNHA_05915 Sensor histidine kinase YesM	69	0.00000128
output_ri/ERX385504_MCIKPB_08645.pt	ERX385504_MCIKPB_08645.pt	1	1916	FEOBHI_09345 Accessory gene regulator C	210	0.08579275
output_ri/ERX385510_NHBCBO_11275.pt	ERX385510_NHBCBO_11275.pt	1	3920	GFNPHG_09685 Two-component system AgrA family sensor histidine kinase AgrC	87	0.06099610
output_ri/ERX385528_NCFIGC_09845.pt	ERX385528_NCFIGC_09845.pt	1	3920	GFNPHG_09685 Two-component system AgrA family sensor histidine kinase AgrC	87	0.23371556
output_ri/ERX385530_JIELEJ_08670.pt	ERX385530_JIELEJ_08670.pt	1	3920	GFNPHG_09685 Two-component system AgrA family sensor histidine kinase AgrC	87	0.05102744
output_ri/ERX385531_LLFDAJ_07745.pt	ERX385531_LLFDAJ_07745.pt	1	3169	HCCNHA_05915 Sensor histidine kinase YesM	69	0.00000128
output_ri/ERX455866_FEFLGH_12110.pt	ERX455866_FEFLGH_12110.pt	1	1916	FEOBHI_09345 Accessory gene regulator C	210	0.15728571
output_ri/ERX455872_KEPACN_08210.pt	ERX455872_KEPACN_08210.pt	1	1916	FEOBHI_09345 Accessory gene regulator C	210	0.15728571
output_ri/ERX455889_JAOKAJ_11465.pt	ERX455889_JAOKAJ_11465.pt	1	3169	HCCNHA_05915 Sensor histidine kinase YesM	69	0.11637273
output_ri/ERX455891_DGDHDB_12140.pt	ERX455891_DGDHDB_12140.pt	0	3169	HCCNHA_05915 Sensor histidine kinase YesM	69	0.36487020
output_ri/ERX455892_ALALMA_08560.pt	ERX455892_ALALMA_08560.pt	1	3920	GFNPHG_09685 Two-component system AgrA family sensor histidine kinase AgrC	87	0.04728232
output_ri/ERX455900_PLMJAK_10875.pt	ERX455900_PLMJAK_10875.pt	1	1916	FEOBHI_09345 Accessory gene regulator C	210	0.09334436
output_ri/ERX455904_MNPKIK_09060.pt	ERX455904_MNPKIK_09060.pt	1	3169	HCCNHA_05915 Sensor histidine kinase YesM	69	0.11637273
output_ri/ERX455914_DIPCHB_07060.pt	ERX455914_DIPCHB_07060.pt	1	3169	HCCNHA_05915 Sensor histidine kinase YesM	69	0.18120797
output_ri/ERX455939_BBPAMJ_08915.pt	ERX455939_BBPAMJ_08915.pt	1	3920	GFNPHG_09685 Two-component system AgrA family sensor histidine kinase AgrC	87	0.03171590
output_ri/ERX460155_OABIOE_11725.pt	ERX460155_OABIOE_11725.pt	1	1916	FEOBHI_09345 Accessory gene regulator C	210	0.12861890
output_ri/ERX460160_BBGNOB_06150.pt	ERX460160_BBGNOB_06150.pt	1	3169	HCCNHA_05915 Sensor histidine kinase YesM	69	0.11659899
output_ri/ERX460162_JLNPBE_06385.pt	ERX460162_JLNPBE_06385.pt	1	1916	FEOBHI_09345 Accessory gene regulator C	210	0.03732457
output_ri/ERX470605_EBELGO_09080.pt	ERX470605_EBELGO_09080.pt	1	3920	GFNPHG_09685 Two-component system AgrA family sensor histidine kinase AgrC	87	0.00000133
output_ri/ERX470614_OKHHHP_07060.pt	ERX470614_OKHHHP_07060.pt	1	3920	GFNPHG_09685 Two-component system AgrA family sensor histidine kinase AgrC	87	0.00000133
output_ri/ERX470705_ILLGAM_04210.pt	ERX470705_ILLGAM_04210.pt	1	1916	FEOBHI_09345 Accessory gene regulator C	210	0.16252950
output_ri/ERX470719_FAFDJM_12160.pt	ERX470719_FAFDJM_12160.pt	1	3920	GFNPHG_09685 Two-component system AgrA family sensor histidine kinase AgrC	87	0.04599421
output_ri/ERX470724_NMDBKO_09820.pt	ERX470724_NMDBKO_09820.pt	1	3920	GFNPHG_09685 Two-component system AgrA family sensor histidine kinase AgrC	87	0.04599421
output_ri/ERX470730_IGGMNH_10725.pt	ERX470730_IGGMNH_10725.pt	1	1916	FEOBHI_09345 Accessory gene regulator C	210	0.16252950
output_ri/ERX470745_FFLNIF_10980.pt	ERX470745_FFLNIF_10980.pt	1	1916	FEOBHI_09345 Accessory gene regulator C	210	0.03241330
output_ri/ERX470753_EJEOOJ_10220.pt	ERX470753_EJEOOJ_10220.pt	1	1916	FEOBHI_09345 Accessory gene regulator C	210	0.08579275
output_ri/ERX490129_JNPAEA_11325.pt	ERX490129_JNPAEA_11325.pt	1	1916	FEOBHI_09345 Accessory gene regulator C	210	0.12861890
output_ri/ERX490131_GJICGJ_06850.pt	ERX490131_GJICGJ_06850.pt	1	1916	FEOBHI_09345 Accessory gene regulator C	210	0.12861890
output_ri/ERX490145_BGNPOM_10000.pt	ERX490145_BGNPOM_10000.pt	1	1916	FEOBHI_09345 Accessory gene regulator C	210	0.12861890
output_ri/ERX490159_GIIIJH_09475.pt	ERX490159_GIIIJH_09475.pt	1	1916	FEOBHI_09345 Accessory gene regulator C	210	0.12861890
output_ri/ERX490180_LINPHO_11640.pt	ERX490180_LINPHO_11640.pt	1	1916	FEOBHI_09345 Accessory gene regulator C	210	0.12819925
output_ri/ERX490219_DHGEOL_11055.pt	ERX490219_DHGEOL_11055.pt	1	1916	FEOBHI_09345 Accessory gene regulator C	210	0.12861890
output_ri/ERX490230_OCDDEH_12475.pt	ERX490230_OCDDEH_12475.pt	1	3169	HCCNHA_05915 Sensor histidine kinase YesM	69	0.02708049
output_ri/ERX490232_AIOBKM_11915.pt	ERX490232_AIOBKM_11915.pt	1	1916	FEOBHI_09345 Accessory gene regulator C	210	0.05902687
output_ri/ERX490237_OBABIP_11055.pt	ERX490237_OBABIP_11055.pt	1	1916	FEOBHI_09345 Accessory gene regulator C	210	0.12861890
output_ri/ERX490254_PFAPGE_05610.pt	ERX490254_PFAPGE_05610.pt	1	1916	FEOBHI_09345 Accessory gene regulator C	210	0.12861890
output_ri/ERX490270_HPMCHE_10270.pt	ERX490270_HPMCHE_10270.pt	1	1916	FEOBHI_09345 Accessory gene regulator C	210	0.13649865
output_ri/ERX490281_ALHLLN_09465.pt	ERX490281_ALHLLN_09465.pt	1	1916	FEOBHI_09345 Accessory gene regulator C	210	0.12861890
output_ri/ERX490292_PFBEAM_11710.pt	ERX490292_PFBEAM_11710.pt	1	1916	FEOBHI_09345 Accessory gene regulator C	210	0.12861890
output_ri/ERX490295_LPHINF_07610.pt	ERX490295_LPHINF_07610.pt	1	3920	GFNPHG_09685 Two-component system AgrA family sensor histidine kinase AgrC	87	0.03325852
output_ri/ERX490299_LEHKED_11030.pt	ERX490299_LEHKED_11030.pt	1	1916	FEOBHI_09345 Accessory gene regulator C	210	0.11585163
output_ri/ERX490303_JFEDCA_12485.pt	ERX490303_JFEDCA_12485.pt	1	1916	FEOBHI_09345 Accessory gene regulator C	210	0.05902687
output_ri/ERX490306_IAFAPK_07715.pt	ERX490306_IAFAPK_07715.pt	1	3920	GFNPHG_09685 Two-component system AgrA family sensor histidine kinase AgrC	87	0.06087048
output_ri/ERX490314_CEDBIO_10905.pt	ERX490314_CEDBIO_10905.pt	1	1916	FEOBHI_09345 Accessory gene regulator C	210	0.12861890
output_ri/ERX490319_DIHMMI_11095.pt	ERX490319_DIHMMI_11095.pt	1	1916	FEOBHI_09345 Accessory gene regulator C	210	0.12861890
output_ri/ERX490321_GJJDED_11660.pt	ERX490321_GJJDED_11660.pt	1	1916	FEOBHI_09345 Accessory gene regulator C	210	0.12861890
output_ri/ERX490324_KIONDB_06845.pt	ERX490324_KIONDB_06845.pt	1	1916	FEOBHI_09345 Accessory gene regulator C	210	0.12861890
output_ri/ERX490372_PHPODE_09690.pt	ERX490372_PHPODE_09690.pt	1	1916	FEOBHI_09345 Accessory gene regulator C	210	0.14506239
output_ri/ERX490376_NBEHMD_11710.pt	ERX490376_NBEHMD_11710.pt	1	3920	GFNPHG_09685 Two-component system AgrA family sensor histidine kinase AgrC	87	0.03612007
output_ri/ERX490383_CGPBKK_12470.pt	ERX490383_CGPBKK_12470.pt	1	3920	GFNPHG_09685 Two-component system AgrA family sensor histidine kinase AgrC	87	0.03612007
output_ri/ERX490399_CEBJMB_10730.pt	ERX490399_CEBJMB_10730.pt	1	1916	FEOBHI_09345 Accessory gene regulator C	210	0.12861890
output_ri/ERX551116_BKKMKM_09915.pt	ERX551116_BKKMKM_09915.pt	1	3169	HCCNHA_05915 Sensor histidine kinase YesM	69	0.04478511
output_ri/ERX551145_IHPFJM_06300.pt	ERX551145_IHPFJM_06300.pt	1	3169	HCCNHA_05915 Sensor histidine kinase YesM	69	0.04478511
output_ri/ERX551158_IKCFCA_09830.pt	ERX551158_IKCFCA_09830.pt	1	1916	FEOBHI_09345 Accessory gene regulator C	210	0.17618571
output_ri/ERX551161_JDJILA_08175.pt	ERX551161_JDJILA_08175.pt	1	3169	HCCNHA_05915 Sensor histidine kinase YesM	69	0.04478511
output_ri/ERX551162_GIAHPC_05525.pt	ERX551162_GIAHPC_05525.pt	1	1916	FEOBHI_09345 Accessory gene regulator C	210	0.03732457
output_ri/ERX551171_HJDELF_08505.pt	ERX551171_HJDELF_08505.pt	1	1916	FEOBHI_09345 Accessory gene regulator C	210	0.07632779
output_ri/ERX551557_APLEGB_10625.pt	ERX551557_APLEGB_10625.pt	1	1916	FEOBHI_09345 Accessory gene regulator C	210	0.03732457
output_ri/ERX551816_APHAOG_11235.pt	ERX551816_APHAOG_11235.pt	0	2072	FEOBHI_12555 AAA family ATPase	33	2.23688169
output_ri/ERX551816_APHAOG_11240.pt	ERX551816_APHAOG_11240.pt	0	1916	FEOBHI_09345 Accessory gene regulator C	210	0.77889431
output_ri/ERX552039_MPCCEG_11495.pt	ERX552039_MPCCEG_11495.pt	0	1916	FEOBHI_09345 Accessory gene regulator C	210	0.62298667
output_ri/ERX552062_GGJENI_11465.pt	ERX552062_GGJENI_11465.pt	1	1916	FEOBHI_09345 Accessory gene regulator C	210	0.05902687
output_ri/ERX552100_BHOENO_04005.pt	ERX552100_BHOENO_04005.pt	1	1916	FEOBHI_09345 Accessory gene regulator C	210	0.08579275
output_ri/ERX552134_MFEFCJ_09745.pt	ERX552134_MFEFCJ_09745.pt	1	3169	HCCNHA_05915 Sensor histidine kinase YesM	69	0.04478511
output_ri/ERX552176_IDKCAE_12500.pt	ERX552176_IDKCAE_12500.pt	1	3920	GFNPHG_09685 Two-component system AgrA family sensor histidine kinase AgrC	87	0.04067267
output_ri/ERX552179_FDFGPN_09070.pt	ERX552179_FDFGPN_09070.pt	1	3169	HCCNHA_05915 Sensor histidine kinase YesM	69	0.04478511
output_ri/ERX552208_KEBACC_11575.pt	ERX552208_KEBACC_11575.pt	1	3169	HCCNHA_05915 Sensor histidine kinase YesM	69	0.00000128
output_ri/ERX556656_IHCPPO_10700.pt	ERX556656_IHCPPO_10700.pt	1	1916	FEOBHI_09345 Accessory gene regulator C	210	0.08930061
output_ri/ERX556658_HHHGNO_12570.pt	ERX556658_HHHGNO_12570.pt	1	1916	FEOBHI_09345 Accessory gene regulator C	210	0.05902687
output_ri/ERX556673_BKPFJA_12760.pt	ERX556673_BKPFJA_12760.pt	1	3920	GFNPHG_09685 Two-component system AgrA family sensor histidine kinase AgrC	87	0.03612007
output_ri/ERX556677_PBLBEF_11345.pt	ERX556677_PBLBEF_11345.pt	1	1916	FEOBHI_09345 Accessory gene regulator C	210	0.12861890
output_ri/ERX556743_ILIBME_07685.pt	ERX556743_ILIBME_07685.pt	1	1916	FEOBHI_09345 Accessory gene regulator C	210	0.03732457
output_ri/ERX556762_DOJBHH_12525.pt	ERX556762_DOJBHH_12525.pt	1	3920	GFNPHG_09685 Two-component system AgrA family sensor histidine kinase AgrC	87	0.04680910
output_ri/ERX556785_EOELJB_11675.pt	ERX556785_EOELJB_11675.pt	1	3169	HCCNHA_05915 Sensor histidine kinase YesM	69	0.00000128
output_ri/ERX556803_EOHJCL_10615.pt	ERX556803_EOHJCL_10615.pt	1	1916	FEOBHI_09345 Accessory gene regulator C	210	0.12861890
output_ri/ERX556844_BAAHIC_10880.pt	ERX556844_BAAHIC_10880.pt	1	1916	FEOBHI_09345 Accessory gene regulator C	210	0.12861890
output_ri/ERX556850_GIGPJC_08335.pt	ERX556850_GIGPJC_08335.pt	1	3920	GFNPHG_09685 Two-component system AgrA family sensor histidine kinase AgrC	87	0.00000133
output_ri/ERX589416_NACMCJ_11470.pt	ERX589416_NACMCJ_11470.pt	1	3920	GFNPHG_09685 Two-component system AgrA family sensor histidine kinase AgrC	87	0.03612007
output_ri/ERX589419_IPDJDK_08335.pt	ERX589419_IPDJDK_08335.pt	1	3920	GFNPHG_09685 Two-component system AgrA family sensor histidine kinase AgrC	87	0.03612007
output_ri/ERX589420_AJDKOB_11535.pt	ERX589420_AJDKOB_11535.pt	1	1916	FEOBHI_09345 Accessory gene regulator C	210	0.12861890
output_ri/ERX676585_EKFIMC_10810.pt	ERX676585_EKFIMC_10810.pt	1	1916	FEOBHI_09345 Accessory gene regulator C	210	0.03241330
output_ri/ERX910041_KJFEMA_12235.pt	ERX910041_KJFEMA_12235.pt	1	3169	HCCNHA_05915 Sensor histidine kinase YesM	69	0.00000128
output_ri/ERX910048_HAALNJ_08245.pt	ERX910048_HAALNJ_08245.pt	1	1916	FEOBHI_09345 Accessory gene regulator C	210	0.06090394
output_ri/ERX910050_KCHIJA_09075.pt	ERX910050_KCHIJA_09075.pt	1	1916	FEOBHI_09345 Accessory gene regulator C	210	0.05902687
output_ri/ERX910051_BGENJC_11215.pt	ERX910051_BGENJC_11215.pt	1	1916	FEOBHI_09345 Accessory gene regulator C	210	0.07664193
output_ri/ERX926274_LFPFCJ_11865.pt	ERX926274_LFPFCJ_11865.pt	1	3920	GFNPHG_09685 Two-component system AgrA family sensor histidine kinase AgrC	87	0.05742378
output_ri/ERX926370_APJGPO_11940.pt	ERX926370_APJGPO_11940.pt	1	3920	GFNPHG_09685 Two-component system AgrA family sensor histidine kinase AgrC	87	0.05742378
output_ri/ERX979780_OPBHLK_11805.pt	ERX979780_OPBHLK_11805.pt	1	1916	FEOBHI_09345 Accessory gene regulator C	210	0.12861890
output_ri/SRX1051301_IPKNMB_06510.pt	SRX1051301_IPKNMB_06510.pt	0	3327	MDBBCG_11375 DUF3169 domain-containing protein	38	1.13108467
output_ri/SRX1051309_CNMHNC_09965.pt	SRX1051309_CNMHNC_09965.pt	1	1916	FEOBHI_09345 Accessory gene regulator C	210	0.05902687
output_ri/SRX1051322_EFNHNL_10955.pt	SRX1051322_EFNHNL_10955.pt	1	3169	HCCNHA_05915 Sensor histidine kinase YesM	69	0.00000128
output_ri/SRX1051339_JJPGGK_09725.pt	SRX1051339_JJPGGK_09725.pt	1	3920	GFNPHG_09685 Two-component system AgrA family sensor histidine kinase AgrC	87	0.06099610
output_ri/SRX1051358_AMABCN_09290.pt	SRX1051358_AMABCN_09290.pt	1	1916	FEOBHI_09345 Accessory gene regulator C	210	0.16252950
output_ri/SRX1051360_MJGDNF_08205.pt	SRX1051360_MJGDNF_08205.pt	1	3169	HCCNHA_05915 Sensor histidine kinase YesM	69	0.08083515
output_ri/SRX1051363_NNNKAG_09675.pt	SRX1051363_NNNKAG_09675.pt	1	1916	FEOBHI_09345 Accessory gene regulator C	210	0.03732457
output_ri/SRX1051368_ALEKPO_08535.pt	SRX1051368_ALEKPO_08535.pt	0	3920	GFNPHG_09685 Two-component system AgrA family sensor histidine kinase AgrC	87	0.32293595
output_ri/SRX1051395_CADOMA_08690.pt	SRX1051395_CADOMA_08690.pt	1	1916	FEOBHI_09345 Accessory gene regulator C	210	0.08579275
output_ri/SRX1051398_IOCLFI_10480.pt	SRX1051398_IOCLFI_10480.pt	1	3169	HCCNHA_05915 Sensor histidine kinase YesM	69	0.03299130
output_ri/SRX1051402_DGIPKD_10755.pt	SRX1051402_DGIPKD_10755.pt	1	3169	HCCNHA_05915 Sensor histidine kinase YesM	69	0.03028127
output_ri/SRX1051405_ICPAAP_10995.pt	SRX1051405_ICPAAP_10995.pt	1	1916	FEOBHI_09345 Accessory gene regulator C	210	0.07632779
output_ri/SRX1051412_MIHFKG_08405.pt	SRX1051412_MIHFKG_08405.pt	1	3169	HCCNHA_05915 Sensor histidine kinase YesM	69	0.03735365
output_ri/SRX1051417_NCOCGM_06720.pt	SRX1051417_NCOCGM_06720.pt	1	3169	HCCNHA_05915 Sensor histidine kinase YesM	69	0.04024226
output_ri/SRX1051420_FDGCFB_07130.pt	SRX1051420_FDGCFB_07130.pt	1	1916	FEOBHI_09345 Accessory gene regulator C	210	0.19504749
output_ri/SRX1051421_NEEHEB_08885.pt	SRX1051421_NEEHEB_08885.pt	1	1916	FEOBHI_09345 Accessory gene regulator C	210	0.03732457
output_ri/SRX1051431_HOBNPD_09835.pt	SRX1051431_HOBNPD_09835.pt	1	1916	FEOBHI_09345 Accessory gene regulator C	210	0.05902687
output_ri/SRX1051434_EJAFGG_08135.pt	SRX1051434_EJAFGG_08135.pt	1	1916	FEOBHI_09345 Accessory gene regulator C	210	0.12861890
output_ri/SRX1051438_LGOBNA_11455.pt	SRX1051438_LGOBNA_11455.pt	1	1916	FEOBHI_09345 Accessory gene regulator C	210	0.05902687
output_ri/SRX1051441_BGKMHA_11535.pt	SRX1051441_BGKMHA_11535.pt	1	1916	FEOBHI_09345 Accessory gene regulator C	210	0.12861890
output_ri/SRX1051454_CMONDN_06640.pt	SRX1051454_CMONDN_06640.pt	1	3169	HCCNHA_05915 Sensor histidine kinase YesM	69	0.00000128
output_ri/SRX1051481_GELFJJ_07700.pt	SRX1051481_GELFJJ_07700.pt	1	3920	GFNPHG_09685 Two-component system AgrA family sensor histidine kinase AgrC	87	0.06099610
output_ri/SRX1051483_NLFFLL_09260.pt	SRX1051483_NLFFLL_09260.pt	1	1916	FEOBHI_09345 Accessory gene regulator C	210	0.16252950
output_ri/SRX1051493_MPBMGL_09945.pt	SRX1051493_MPBMGL_09945.pt	1	1916	FEOBHI_09345 Accessory gene regulator C	210	0.05902687
output_ri/SRX1051497_BAPINI_11545.pt	SRX1051497_BAPINI_11545.pt	1	1916	FEOBHI_09345 Accessory gene regulator C	210	0.16252950
output_ri/SRX1051498_GKBMCG_08650.pt	SRX1051498_GKBMCG_08650.pt	1	3920	GFNPHG_09685 Two-component system AgrA family sensor histidine kinase AgrC	87	0.06099610
output_ri/SRX1051502_NIIDJB_12060.pt	SRX1051502_NIIDJB_12060.pt	1	1916	FEOBHI_09345 Accessory gene regulator C	210	0.06596869
output_ri/SRX1051504_EDAKMI_08820.pt	SRX1051504_EDAKMI_08820.pt	1	3920	GFNPHG_09685 Two-component system AgrA family sensor histidine kinase AgrC	87	0.17660740
output_ri/SRX1051508_IJJNFK_11325.pt	SRX1051508_IJJNFK_11325.pt	1	1916	FEOBHI_09345 Accessory gene regulator C	210	0.05902687
output_ri/SRX1051516_LPDOHJ_11325.pt	SRX1051516_LPDOHJ_11325.pt	1	1916	FEOBHI_09345 Accessory gene regulator C	210	0.08579275
output_ri/SRX1051522_BBDJKK_10880.pt	SRX1051522_BBDJKK_10880.pt	1	3920	GFNPHG_09685 Two-component system AgrA family sensor histidine kinase AgrC	87	0.03612007
output_ri/SRX1051547_BMLGMI_07845.pt	SRX1051547_BMLGMI_07845.pt	1	3920	GFNPHG_09685 Two-component system AgrA family sensor histidine kinase AgrC	87	0.06099610
output_ri/SRX1051553_PPHPEB_04245.pt	SRX1051553_PPHPEB_04245.pt	1	3169	HCCNHA_05915 Sensor histidine kinase YesM	69	0.03546579
output_ri/SRX1051556_BCNHIA_10775.pt	SRX1051556_BCNHIA_10775.pt	0	668	FEOBHI_10025 anti-sigma B factor RsbW	378	1.44265184
output_ri/SRX1051561_MJCFPK_05640.pt	SRX1051561_MJCFPK_05640.pt	1	3920	GFNPHG_09685 Two-component system AgrA family sensor histidine kinase AgrC	87	0.09083803
output_ri/SRX1051572_NHPIGN_08555.pt	SRX1051572_NHPIGN_08555.pt	1	1916	FEOBHI_09345 Accessory gene regulator C	210	0.05902687
output_ri/SRX2122523_DPPOHE_12285.pt	SRX2122523_DPPOHE_12285.pt	0	2539	FEOBHI_06835 histidine kinase GraS/ApsS	380	1.49007887
output_ri/SRX2122523_DPPOHE_12290.pt	SRX2122523_DPPOHE_12290.pt	0	897	FEOBHI_00575 DUF5080 domain-containing protein	196	0.83524162
output_ri/SRX2122562_HBFCMO_10575.pt	SRX2122562_HBFCMO_10575.pt	1	1916	FEOBHI_09345 Accessory gene regulator C	210	0.00000141
output_ri/SRX2147155_MCJIDF_12565.pt	SRX2147155_MCJIDF_12565.pt	1	1916	FEOBHI_09345 Accessory gene regulator C	210	0.03241330
output_ri/SRX2219177_GFKHHJ_11805.pt	SRX2219177_GFKHHJ_11805.pt	1	1916	FEOBHI_09345 Accessory gene regulator C	210	0.21109512
output_ri/SRX2219190_NOHCPI_08820.pt	SRX2219190_NOHCPI_08820.pt	1	3169	HCCNHA_05915 Sensor histidine kinase YesM	69	0.26602566
output_ri/SRX2219221_OHJGDE_08330.pt	SRX2219221_OHJGDE_08330.pt	1	3169	HCCNHA_05915 Sensor histidine kinase YesM	69	0.04024226
output_ri/SRX2219265_OOLGBJ_09655.pt	SRX2219265_OOLGBJ_09655.pt	1	1916	FEOBHI_09345 Accessory gene regulator C	210	0.08579275
output_ri/SRX2219480_CCNHCC_05730.pt	SRX2219480_CCNHCC_05730.pt	1	1916	FEOBHI_09345 Accessory gene regulator C	210	0.12861890
output_ri/SRX2369545_HHLNJB_09395.pt	SRX2369545_HHLNJB_09395.pt	1	3920	GFNPHG_09685 Two-component system AgrA family sensor histidine kinase AgrC	87	0.07588875
output_ri/SRX456475_PMFGOH_09275.pt	SRX456475_PMFGOH_09275.pt	1	3920	GFNPHG_09685 Two-component system AgrA family sensor histidine kinase AgrC	87	0.05777654
output_ri/SRX476963_AAFKJE_07185.pt	SRX476963_AAFKJE_07185.pt	1	3169	HCCNHA_05915 Sensor histidine kinase YesM	69	0.09817786
output_ri/SRX476967_HKJAAI_10000.pt	SRX476967_HKJAAI_10000.pt	1	1916	FEOBHI_09345 Accessory gene regulator C	210	0.05117818
output_ri/SRX477008_EPJLBH_06605.pt	SRX477008_EPJLBH_06605.pt	1	3920	GFNPHG_09685 Two-component system AgrA family sensor histidine kinase AgrC	87	0.06099610
output_ri/SRX477009_BDPOEC_06905.pt	SRX477009_BDPOEC_06905.pt	1	1916	FEOBHI_09345 Accessory gene regulator C	210	0.09027293
output_ri/SRX477010_KIFKCI_05320.pt	SRX477010_KIFKCI_05320.pt	1	3169	HCCNHA_05915 Sensor histidine kinase YesM	69	0.00000128
output_ri/SRX477016_PLKGJP_11530.pt	SRX477016_PLKGJP_11530.pt	1	3169	HCCNHA_05915 Sensor histidine kinase YesM	69	0.00000128
output_ri/SRX477024_PHMHAG_12570.pt	SRX477024_PHMHAG_12570.pt	1	1916	FEOBHI_09345 Accessory gene regulator C	210	0.05117818
output_ri/SRX477027_HBHODO_11735.pt	SRX477027_HBHODO_11735.pt	1	1916	FEOBHI_09345 Accessory gene regulator C	210	0.05902687
output_ri/SRX791926_GHDHNM_12760.pt	SRX791926_GHDHNM_12760.pt	1	1916	FEOBHI_09345 Accessory gene regulator C	210	0.07859115
output_ri/SRX791933_LEENAL_11610.pt	SRX791933_LEENAL_11610.pt	1	1916	FEOBHI_09345 Accessory gene regulator C	210	0.07859115
output_ri/SRX864954_JOOCNC_12255.pt	SRX864954_JOOCNC_12255.pt	1	3169	HCCNHA_05915 Sensor histidine kinase YesM	69	0.05932304
output_ri/SRX864956_PEMPBI_12345.pt	SRX864956_PEMPBI_12345.pt	1	3920	GFNPHG_09685 Two-component system AgrA family sensor histidine kinase AgrC	87	0.00000133
output_ri/SRX866194_PAFHHE_08290.pt	SRX866194_PAFHHE_08290.pt	1	3169	HCCNHA_05915 Sensor histidine kinase YesM	69	0.11637273
output_ri/SRX886997_DPEDCI_05185.pt	SRX886997_DPEDCI_05185.pt	1	1916	FEOBHI_09345 Accessory gene regulator C	210	0.07632779
output_ri/SRX887024_GBPEMD_08730.pt	SRX887024_GBPEMD_08730.pt	1	1916	FEOBHI_09345 Accessory gene regulator C	210	0.07632779
output_ri/SRX887117_ACPJGF_11595.pt	SRX887117_ACPJGF_11595.pt	1	1916	FEOBHI_09345 Accessory gene regulator C	210	0.07632782
output_ri/SRX887142_JIPONE_04370.pt	SRX887142_JIPONE_04370.pt	1	1916	FEOBHI_09345 Accessory gene regulator C	210	0.07632782
